{"cameraMode":{"drawMode":0,"name":"Shaded","section":"Shading Mode"},"sceneLighting":true,"audioPlay":false,"sceneViewState":{"showFog":true,"showMaterialUpdate":false,"showSkybox":true,"showFlares":true,"showImageEffects":true,"showParticleSystems":true},"in2DMode":false,"pivot":{"x":-4.3452043533325199,"y":3.5911366939544679,"z":-2.8670310974121095},"rotation":{"x":0.2103237807750702,"y":0.44861167669296267,"z":-0.10949539393186569,"w":0.8617013692855835},"size":1.7235517501831055,"orthographic":false}